ticker,date,direction,confidence,entry_price,stop_price,tp1,tp2,spread_cost_pct,slippage_pct,outcome,exit_price,r_multiple,hold_bars,set
AAPL,2022-03-18,SELL,23.5,160.1565,168.0932,150.7608,140.8566,0.03,0.0,STOP_HIT,168.0932,-1.0,3,train
AAPL,2022-05-31,SELL,37.1,147.0413,154.9563,134.1641,122.2829,0.03,0.0,TP1_HIT,134.1641,1.6269,9,train
AAPL,2022-06-24,SELL,37.5,139.9787,145.43,130.4271,121.8541,0.03,0.0,STOP_HIT,145.43,-1.0,11,train
AAPL,2022-07-01,SELL,37.6,135.1427,142.6955,127.8226,119.3238,0.03,0.0,STOP_HIT,142.6955,-1.0,3,train
AAPL,2022-07-11,SELL,37.4,142.9803,147.9164,134.4613,126.7727,0.03,0.0,STOP_HIT,147.9164,-1.0,4,train
AAPL,2022-07-18,SELL,30.0,145.0991,150.3264,136.2851,128.2614,0.03,0.0,STOP_HIT,150.3264,-1.0,2,train
AAPL,2022-10-21,SELL,36.1,144.5836,151.3528,135.8427,126.9797,0.03,0.0,STOP_HIT,151.3528,-1.0,5,train
AAPL,2022-10-28,SELL,36.6,150.4479,160.7091,142.7867,132.5454,0.03,0.0,TP1_HIT,142.7867,0.7466,3,train
AAPL,2022-11-11,SELL,21.7,146.5748,156.5241,135.0881,122.839,0.03,0.0,EXPIRED,142.2095,0.4388,20,train
AAPL,2022-11-21,SELL,21.2,145.6755,153.5014,135.2374,124.8008,0.03,0.05,TP1_HIT,135.2374,1.3338,17,train
AAPL,2023-01-11,SELL,36.9,131.7275,137.3317,123.4518,115.5204,0.03,0.0,STOP_HIT,137.3317,-1.0,7,train
AAPL,2023-01-25,SELL,26.1,140.8681,144.843,132.6584,125.6958,0.03,0.0,STOP_HIT,144.843,-1.0,2,train
AAPL,2023-02-01,SELL,21.0,146.4327,148.2069,136.3717,129.6087,0.03,0.05,STOP_HIT,148.2069,-1.0,1,train
AAPL,2023-10-05,SELL,33.9,171.7352,177.9079,166.1852,159.4866,0.03,0.0,STOP_HIT,177.9841,-1.0124,5,train
AAPL,2023-10-12,SELL,24.2,179.2647,183.4945,172.1129,165.6091,0.03,0.0,TP1_HIT,172.1129,1.6908,6,train
AAPL,2024-04-26,SELL,33.4,171.7549,172.6328,161.2935,154.8139,0.03,0.0,STOP_HIT,172.6328,-1.0,1,train
AAPL,2025-03-06,SELL,33.2,233.9025,242.4984,223.3892,212.4697,0.03,0.05,TP1_HIT,223.3892,1.223,2,train
AAPL,2025-03-27,SELL,27.7,220.6419,232.3377,210.2664,197.6543,0.03,0.0,TP1_HIT,210.2664,0.8871,5,train
AAPL,2025-04-25,SELL,39.7,209.026,225.9566,184.9255,161.4791,0.03,0.0,EXPIRED,194.6776,0.8475,20,train
AAPL,2025-05-02,SELL,39.8,202.0569,214.8888,190.5524,176.6458,0.03,0.05,EXPIRED,201.0881,0.0755,20,val
AAPL,2025-05-16,SELL,39.6,207.1134,219.1528,199.2407,187.8624,0.03,0.05,TP1_HIT,199.2407,0.6539,4,val
AAPL,2025-06-02,SELL,37.4,200.6789,207.7962,192.1439,183.1996,0.03,0.0,STOP_HIT,207.7962,-1.0,20,val
AAPL,2026-01-27,SELL,24.3,257.3319,266.0685,247.3086,236.5886,0.03,0.0,STOP_HIT,266.0685,-1.0,4,val
AAPL,2026-02-20,SELL,21.7,263.4109,275.3099,250.2734,235.9668,0.03,0.0,STOP_HIT,275.3099,-1.0,4,val
AAPL,2026-04-14,SELL,20.5,257.9535,267.6178,247.1128,235.3957,0.03,0.05,STOP_HIT,267.6178,-1.0,3,val
MSFT,2022-02-01,SELL,36.1,298.8207,314.6055,276.024,253.9775,0.03,0.0,TP1_HIT,276.024,1.4442,14,train
MSFT,2022-02-08,SELL,36.3,299.0524,309.531,273.3293,252.6426,0.03,0.0,TP1_HIT,273.3293,2.4548,10,train
MSFT,2022-02-15,SELL,35.7,288.405,302.2603,273.8106,257.5536,0.03,0.05,TP1_HIT,273.8106,1.0533,5,train
MSFT,2022-03-02,SELL,29.2,292.9205,303.4513,272.99,255.5835,0.03,0.0,TP1_HIT,272.99,1.8926,3,train
MSFT,2022-03-09,SELL,37.0,273.5676,294.0038,259.2001,239.3122,0.03,0.05,STOP_HIT,294.0038,-1.0,9,train
MSFT,2022-03-16,SELL,37.3,283.6365,298.7688,266.1417,247.4976,0.03,0.0,STOP_HIT,298.7688,-1.0,8,train
MSFT,2022-03-23,SELL,25.2,289.1492,303.2691,271.6528,253.5864,0.03,0.05,STOP_HIT,303.6689,-1.0283,4,train
MSFT,2022-04-08,SELL,19.5,282.0448,296.8285,274.5523,261.823,0.03,0.05,TP1_HIT,274.5523,0.5068,2,train
MSFT,2022-05-31,SELL,36.5,266.7618,276.2396,246.7774,229.9418,0.03,0.0,TP1_HIT,246.7774,2.1085,8,train
MSFT,2022-06-09,SELL,36.8,252.4637,267.9441,241.8199,226.8917,0.03,0.05,TP1_HIT,241.8199,0.6876,2,train
MSFT,2022-06-24,SELL,32.1,259.986,270.8779,244.4919,229.4142,0.03,0.0,TP1_HIT,244.4919,1.4225,11,train
MSFT,2022-07-01,SELL,34.5,248.3056,262.6368,237.1089,222.5215,0.03,0.0,STOP_HIT,262.6368,-1.0,18,train
MSFT,2022-07-11,SELL,36.5,257.5986,266.0405,243.7245,230.9725,0.03,0.05,TP1_HIT,243.7245,1.6435,2,train
MSFT,2022-10-05,SELL,31.5,240.8381,251.7433,229.3459,216.5474,0.03,0.0,TP1_HIT,229.3459,1.0538,2,train
MSFT,2022-10-19,SELL,35.5,229.0259,242.0194,213.4713,197.158,0.03,0.0,STOP_HIT,242.0194,-1.0,4,train
MSFT,2022-11-16,SELL,29.9,231.5135,247.0154,220.2577,204.9675,0.03,0.05,STOP_HIT,247.0154,-1.0,9,train
MSFT,2023-08-25,SELL,31.2,319.4008,325.9505,304.7563,292.6454,0.03,0.0,STOP_HIT,325.9505,-1.0,6,train
MSFT,2023-10-04,SELL,24.4,312.9571,322.7317,299.8457,286.7679,0.03,0.0,STOP_HIT,322.7317,-1.0,2,train
MSFT,2024-08-22,SELL,25.2,411.8292,422.6672,394.8498,378.9542,0.03,0.05,STOP_HIT,422.6672,-1.0,15,train
MSFT,2024-09-13,SELL,33.4,425.4938,438.0077,409.0835,392.5554,0.03,0.0,TP1_HIT,409.0835,1.3114,16,train
MSFT,2024-09-20,SELL,19.0,429.1302,442.9089,413.3423,396.447,0.03,0.0,TP1_HIT,413.3423,1.1458,8,train
MSFT,2024-10-01,SELL,24.1,417.36,426.0204,402.2337,388.6412,0.03,0.05,STOP_HIT,426.0204,-1.0,16,train
MSFT,2025-03-24,SELL,26.9,390.8099,403.7675,371.8618,353.6299,0.03,0.0,TP1_HIT,371.8618,1.4623,5,train
MSFT,2025-04-14,SELL,27.0,385.2499,407.9157,354.1275,323.3914,0.03,0.05,TP1_HIT,354.1275,1.3731,4,train
MSFT,2025-04-29,SELL,20.6,387.2185,410.6193,364.949,338.8516,0.03,0.0,STOP_HIT,427.8347,-1.7357,2,train
MSFT,2025-11-28,SELL,22.2,487.1815,508.7,467.1424,443.3952,0.03,0.0,EXPIRED,485.9908,0.0553,20,val
MSFT,2025-12-19,SELL,21.8,484.8675,497.3612,468.083,451.3527,0.03,0.0,TP1_HIT,468.083,1.3434,15,val
MSFT,2025-12-31,SELL,27.8,482.9003,491.6222,470.3806,458.2426,0.03,0.05,TP1_HIT,470.3806,1.4354,1,val
MSFT,2026-01-23,SELL,34.0,464.1111,480.2139,444.4556,424.0222,0.03,0.0,STOP_HIT,480.2139,-1.0,2,val
MSFT,2026-03-09,SELL,35.0,409.907,423.0767,391.1878,372.9655,0.03,0.0,TP1_HIT,391.1878,1.4214,7,val
MSFT,2026-04-14,SELL,31.0,397.8806,406.5821,375.1471,357.1843,0.03,0.0,STOP_HIT,406.5821,-1.0,1,val
NVDA,2022-02-08,SELL,43.0,25.5634,27.3514,22.0003,18.9426,0.03,0.0,TP1_HIT,22.0003,1.9927,11,train
NVDA,2022-02-15,SELL,43.4,26.1989,28.7396,23.3793,20.3163,0.03,0.0,TP1_HIT,23.3793,1.1098,3,train
NVDA,2022-03-02,SELL,43.3,24.2106,26.5534,21.0061,17.8363,0.03,0.0,TP1_HIT,21.0061,1.3679,4,train
NVDA,2022-03-09,SELL,43.7,22.4833,25.2523,19.932,16.8919,0.03,0.0,STOP_HIT,25.2523,-1.0,7,train
NVDA,2022-03-16,SELL,44.1,24.0689,26.3696,21.8939,19.3364,0.03,0.0,STOP_HIT,26.3696,-1.0,2,train
NVDA,2022-03-23,SELL,43.2,26.0976,27.6523,22.8343,20.0812,0.03,0.05,STOP_HIT,27.6523,-1.0,1,train
NVDA,2022-05-26,SELL,44.1,18.1475,19.7436,15.2518,12.685,0.03,0.0,EXPIRED,16.8419,0.818,20,train
NVDA,2022-06-03,SELL,44.2,19.0985,20.4022,16.3977,14.1095,0.03,0.0,TP1_HIT,16.3977,2.0716,6,train
NVDA,2022-06-27,SELL,43.9,16.8678,18.1615,15.0825,13.323,0.03,0.0,TP1_HIT,15.0825,1.38,3,train
NVDA,2022-07-26,SELL,36.5,16.991,17.6709,14.9538,13.4012,0.03,0.05,STOP_HIT,17.6709,-1.0,1,train
NVDA,2022-08-09,SELL,40.1,17.6554,18.3218,15.3743,13.69,0.03,0.05,STOP_HIT,18.3218,-1.0,2,train
NVDA,2022-10-27,SELL,41.3,13.0829,14.2555,11.6964,10.234,0.03,0.0,STOP_HIT,14.2555,-1.0,7,train
NVDA,2022-11-03,SELL,41.7,13.9565,14.4725,11.978,10.5526,0.03,0.05,STOP_HIT,14.7816,-1.5991,3,train
NVDA,2023-10-05,SELL,18.6,44.1268,46.6717,41.9702,39.2837,0.03,0.05,STOP_HIT,46.6717,-1.0,4,train
NVDA,2023-11-02,SELL,37.0,43.976,46.1746,39.877,36.2783,0.03,0.0,STOP_HIT,46.1746,-1.0,3,train
NVDA,2023-11-09,SELL,25.7,47.4526,49.2542,43.8012,40.6853,0.03,0.0,STOP_HIT,49.6453,-1.2171,3,train
NVDA,2024-09-11,SELL,30.9,116.7586,127.1451,103.1317,89.4098,0.03,0.0,STOP_HIT,127.1451,-1.0,11,train
NVDA,2024-09-18,SELL,43.1,117.2096,122.4976,101.095,88.8649,0.03,0.05,STOP_HIT,122.4976,-1.0,5,train
NVDA,2024-09-30,SELL,19.7,121.6243,128.5536,111.8429,102.294,0.03,0.05,STOP_HIT,128.5536,-1.0,5,train
NVDA,2025-01-21,SELL,21.2,144.5692,150.1644,128.2765,115.7692,0.03,0.0,TP1_HIT,128.2765,2.9119,4,train
NVDA,2025-02-12,SELL,29.3,131.4774,142.8639,115.4079,99.7187,0.03,0.0,STOP_HIT,142.8639,-1.0,3,train
NVDA,2025-02-21,SELL,22.2,136.4061,141.8696,124.4078,114.4296,0.03,0.05,TP1_HIT,124.4078,2.1961,2,train
NVDA,2025-03-14,SELL,41.9,122.6743,133.2327,106.1862,90.731,0.03,0.0,TP1_HIT,106.1862,1.5616,11,train
NVDA,2025-03-21,SELL,41.6,119.8158,126.312,106.1527,94.633,0.03,0.0,TP1_HIT,106.1527,2.1033,6,train
NVDA,2025-04-11,SELL,42.5,114.0489,123.4763,94.1407,77.3775,0.03,0.0,EXPIRED,122.971,-0.9464,20,train
NVDA,2025-04-28,SELL,44.0,107.6123,119.8703,93.8165,78.9286,0.03,0.0,STOP_HIT,121.9413,-1.1689,10,train
NVDA,2025-05-05,SELL,43.8,111.4203,121.195,103.9241,94.055,0.03,0.0,STOP_HIT,121.9413,-1.0763,5,val
NVDA,2026-01-08,SELL,37.4,184.9219,192.5392,175.0177,165.0054,0.03,0.05,STOP_HIT,192.5392,-1.0,14,val
NVDA,2026-01-15,SELL,29.4,189.013,194.3681,177.269,167.4981,0.03,0.0,STOP_HIT,194.3681,-1.0,10,val
NVDA,2026-04-06,SELL,27.2,175.6773,185.1046,167.6871,157.7343,0.03,0.0,STOP_HIT,185.1046,-1.0,2,val
GOOGL,2022-01-31,SELL,35.4,136.4257,140.5631,125.7027,117.211,0.03,0.0,STOP_HIT,150.0102,-3.2833,2,train
GOOGL,2022-02-08,SELL,22.0,139.6961,146.2686,127.5733,116.8902,0.03,0.05,TP1_HIT,127.5733,1.8445,9,train
GOOGL,2022-02-15,SELL,23.2,135.418,142.6116,125.9914,116.4941,0.03,0.05,TP1_HIT,125.9914,1.3104,6,train
GOOGL,2022-03-02,SELL,25.2,134.8546,139.3923,125.5699,117.6714,0.03,0.0,TP1_HIT,125.5699,2.0462,3,train
GOOGL,2022-03-10,SELL,36.7,132.3545,137.6783,122.8982,114.4524,0.03,0.0,STOP_HIT,137.6783,-1.0,8,train
GOOGL,2022-03-17,SELL,18.1,132.2911,138.6518,124.8621,116.9823,0.03,0.0,STOP_HIT,138.6518,-1.0,3,train
GOOGL,2022-06-01,SELL,37.0,113.0316,119.2985,104.505,96.0516,0.03,0.0,TP1_HIT,104.505,1.3606,11,train
GOOGL,2022-06-08,SELL,37.1,115.3393,122.5009,107.8765,99.5198,0.03,0.0,TP1_HIT,107.8765,1.0421,3,train
GOOGL,2022-06-23,SELL,37.4,112.0351,116.871,103.9232,96.5245,0.03,0.0,STOP_HIT,116.871,-1.0,1,train
GOOGL,2022-07-13,SELL,24.5,109.2196,116.4086,102.4835,94.5262,0.03,0.05,STOP_HIT,116.4086,-1.0,15,train
GOOGL,2022-10-05,SELL,35.4,99.8247,105.0032,94.7257,88.8528,0.03,0.0,TP1_HIT,94.7257,0.9847,6,train
GOOGL,2022-10-19,SELL,35.6,99.1505,103.6484,92.3666,85.9199,0.03,0.0,STOP_HIT,103.6484,-1.0,4,train
GOOGL,2022-11-10,SELL,36.7,93.8856,99.1526,85.193,77.2161,0.03,0.0,STOP_HIT,99.1526,-1.0,3,train
GOOGL,2022-11-17,SELL,36.7,97.931,102.613,90.808,84.0624,0.03,0.0,TP1_HIT,90.808,1.5213,19,train
GOOGL,2022-11-25,SELL,26.4,96.2157,100.9319,90.9667,85.2724,0.03,0.0,STOP_HIT,100.9319,-1.0,4,train
GOOGL,2022-12-07,SELL,26.3,94.5225,98.0797,88.9378,83.7138,0.03,0.05,STOP_HIT,98.0797,-1.0,4,train
GOOGL,2023-01-11,SELL,18.7,90.7029,94.6601,85.5827,80.3955,0.03,0.0,STOP_HIT,94.6601,-1.0,6,train
GOOGL,2023-12-15,SELL,18.0,131.5033,136.466,124.909,118.3051,0.03,0.0,STOP_HIT,137.8308,-1.275,3,train
GOOGL,2024-08-19,SELL,21.4,165.6721,172.6427,155.9613,146.429,0.03,0.0,TP1_HIT,155.9613,1.3931,10,train
GOOGL,2024-09-18,SELL,35.2,162.7213,164.7326,151.1057,143.3189,0.03,0.0,STOP_HIT,164.7326,-1.0,7,train
GOOGL,2024-09-25,SELL,35.1,162.5703,165.5974,153.8501,147.1374,0.03,0.05,STOP_HIT,166.7272,-1.3733,4,train
GOOGL,2024-10-02,SELL,19.6,163.417,169.0794,159.3456,153.7834,0.03,0.0,TP1_HIT,159.3456,0.719,5,train
GOOGL,2024-10-09,SELL,25.9,159.8184,165.5764,154.7365,148.5422,0.03,0.05,STOP_HIT,165.5764,-1.0,4,train
GOOGL,2025-03-25,SELL,35.3,168.3655,177.1735,160.3668,150.763,0.03,0.0,TP1_HIT,160.3668,0.9081,3,train
GOOGL,2025-04-15,SELL,37.5,152.5252,166.1546,141.9236,128.0773,0.03,0.0,STOP_HIT,166.1546,-1.0,20,train
GOOGL,2025-04-24,SELL,37.6,164.4503,169.0193,145.01,131.2905,0.03,0.0,STOP_HIT,169.0193,-1.0,19,train
GOOGL,2025-05-01,SELL,37.7,162.7965,167.9209,151.1715,141.6004,0.03,0.0,TP1_HIT,151.1715,2.2685,4,val
GOOGL,2025-05-15,SELL,26.3,167.1002,171.1088,153.1063,142.8191,0.03,0.0,STOP_HIT,171.1088,-1.0,4,val
GOOGL,2026-04-08,SELL,25.4,315.8152,331.1018,298.9443,280.5686,0.03,0.0,STOP_HIT,331.1018,-1.0,4,val
META,2021-11-04,SELL,34.6,337.5589,348.9325,312.3049,291.3749,0.03,0.0,STOP_HIT,348.9325,-1.0,7,train
META,2021-11-11,SELL,35.2,327.347,339.9809,305.4643,285.7405,0.03,0.05,STOP_HIT,341.6588,-1.1328,2,train
META,2021-11-18,SELL,35.4,339.2639,349.1234,318.6253,301.1977,0.03,0.05,STOP_HIT,349.1234,-1.0,1,train
META,2021-11-26,SELL,35.7,333.9995,344.2719,312.1986,293.871,0.03,0.05,TP1_HIT,312.1986,2.1223,3,train
META,2021-12-10,SELL,21.0,328.2746,343.3966,305.5635,283.9446,0.03,0.0,STOP_HIT,343.3966,-1.0,10,train
META,2022-02-01,SELL,35.9,325.1699,334.0241,293.1723,269.8283,0.03,0.0,TP2_HIT,269.8283,6.2503,2,train
META,2022-03-22,SELL,39.3,211.6054,228.1613,197.3655,179.7678,0.03,0.0,STOP_HIT,228.1613,-1.0,5,train
META,2022-03-29,SELL,39.2,227.0595,239.407,212.9546,197.8389,0.03,0.0,TP1_HIT,212.9546,1.1423,10,train
META,2022-04-06,SELL,38.9,222.0087,232.2517,207.3075,193.0536,0.03,0.05,TP1_HIT,207.3075,1.4352,7,train
META,2022-04-13,SELL,38.7,213.0462,223.2155,200.1167,186.9175,0.03,0.05,TP1_HIT,200.1167,1.2714,4,train
META,2022-04-28,SELL,28.4,202.8072,220.0872,182.8494,161.5707,0.03,0.0,STOP_HIT,220.0872,-1.0,4,train
META,2022-06-02,SELL,36.1,194.3957,211.4868,178.4113,159.5111,0.03,0.0,TP1_HIT,178.4113,0.9352,6,train
META,2022-07-18,SELL,40.2,168.9927,175.9762,152.5302,139.1324,0.03,0.0,STOP_HIT,176.108,-1.0189,2,train
META,2022-08-03,SELL,39.8,166.9395,180.3214,150.3714,133.2571,0.03,0.0,STOP_HIT,180.3214,-1.0,6,train
META,2022-08-10,SELL,39.4,178.2572,189.9125,159.6699,142.3883,0.03,0.0,TP1_HIT,159.6699,1.5948,9,train
META,2022-08-17,SELL,39.2,172.8441,182.9968,160.8109,148.1332,0.03,0.05,TP1_HIT,160.8109,1.1852,4,train
META,2022-10-25,SELL,38.4,130.6155,145.8115,123.9431,111.4469,0.03,0.0,TP2_HIT,111.4469,1.2614,2,train
META,2022-11-16,SELL,39.5,109.5174,120.1992,101.8805,91.4127,0.03,0.0,STOP_HIT,120.1992,-1.0,10,train
META,2022-11-25,SELL,39.2,109.8845,117.6195,101.1066,91.6706,0.03,0.0,STOP_HIT,118.2719,-1.0843,4,train
META,2022-12-02,SELL,39.5,120.7658,128.486,114.5851,106.6417,0.03,0.0,TP1_HIT,114.5851,0.8006,2,train
META,2022-12-09,SELL,39.4,114.2489,121.0136,106.9762,98.9549,0.03,0.0,STOP_HIT,121.1791,-1.0245,2,train
META,2022-12-16,SELL,39.5,115.8276,126.3286,108.062,97.6239,0.03,0.05,STOP_HIT,126.3882,-1.0057,11,train
META,2022-12-27,SELL,39.2,115.2526,123.0054,106.5892,97.2086,0.03,0.05,STOP_HIT,123.0054,-1.0,4,train
META,2023-01-05,SELL,37.6,127.9274,132.867,116.7311,107.5106,0.03,0.0,STOP_HIT,132.867,-1.0,5,train
META,2024-05-10,SELL,26.3,469.4258,500.762,435.9688,398.944,0.03,0.0,EXPIRED,499.2156,-0.9507,20,train
META,2024-05-17,SELL,31.9,466.6455,485.8641,445.8901,423.0478,0.03,0.0,STOP_HIT,485.8641,-1.0,12,train
META,2024-05-28,SELL,19.4,471.3224,491.1862,457.358,438.0276,0.03,0.0,TP1_HIT,457.358,0.703,3,train
META,2024-06-04,SELL,25.8,481.0435,487.6608,455.2679,436.7577,0.03,0.0,STOP_HIT,487.6608,-1.0,1,train
META,2024-06-14,SELL,22.4,498.3877,515.979,481.6402,462.018,0.03,0.05,STOP_HIT,515.979,-1.0,8,train
META,2025-04-25,SELL,40.5,553.7458,594.0894,480.8726,416.1773,0.03,0.0,STOP_HIT,594.0894,-1.0,5,train
META,2025-05-02,SELL,40.7,589.2044,630.2556,548.3735,501.5838,0.03,0.0,STOP_HIT,630.2556,-1.0,6,val
META,2025-05-12,SELL,19.4,643.3393,671.7956,591.6357,545.83,0.03,0.0,STOP_HIT,671.7956,-1.0,15,val
META,2025-10-23,SELL,27.4,735.3391,757.9709,699.1792,665.584,0.03,0.0,TP1_HIT,699.1792,1.5978,5,val
META,2025-11-28,SELL,35.5,638.2906,672.9107,612.1448,577.4215,0.03,0.0,STOP_HIT,674.8713,-1.0566,4,val
META,2025-12-05,SELL,35.4,668.022,698.0536,637.9516,603.6076,0.03,0.0,STOP_HIT,698.0536,-1.0,5,val
META,2025-12-12,SELL,36.5,644.6315,672.4732,604.0626,564.9708,0.03,0.05,STOP_HIT,672.4732,-1.0,6,val
META,2025-12-19,SELL,31.0,660.8857,687.7184,618.8573,579.5082,0.03,0.0,TP1_HIT,618.8573,1.5663,16,val
META,2025-12-30,SELL,36.2,663.65,691.2298,630.9144,596.4484,0.03,0.05,TP1_HIT,630.9144,1.1869,9,val
META,2026-01-07,SELL,36.3,644.8112,667.522,622.2858,596.4365,0.03,0.05,TP1_HIT,622.2858,0.9918,5,val
META,2026-04-13,SELL,36.6,643.027,668.7954,588.8429,543.1558,0.03,0.0,STOP_HIT,668.7954,-1.0,2,val
JPM,2021-08-18,SELL,19.4,135.6496,141.8834,132.5964,127.2895,0.03,0.05,STOP_HIT,141.8834,-1.0,5,train
JPM,2021-12-27,SELL,22.8,141.0282,145.1604,135.5342,130.0336,0.03,0.0,STOP_HIT,146.519,-1.3288,6,train
JPM,2022-01-03,SELL,25.7,146.475,148.061,139.0323,133.8731,0.03,0.0,STOP_HIT,148.061,-1.0,1,train
JPM,2022-02-07,SELL,23.5,139.0038,142.9888,129.7481,122.182,0.03,0.0,TP1_HIT,129.7481,2.3227,12,train
JPM,2022-02-16,SELL,20.3,137.2102,143.981,132.4649,125.8843,0.03,0.0,TP1_HIT,132.4649,0.7008,5,train
JPM,2022-03-17,SELL,35.9,125.7222,132.6539,116.4842,107.2444,0.03,0.0,TP1_HIT,116.4842,1.3327,15,train
JPM,2022-03-25,SELL,35.8,125.489,132.5165,120.3724,113.433,0.03,0.05,TP1_HIT,120.3724,0.7281,5,train
JPM,2022-05-04,SELL,35.7,113.1567,119.4637,108.7275,102.5926,0.03,0.0,TP1_HIT,108.7275,0.7023,4,train
JPM,2022-05-25,SELL,33.4,115.9754,120.3861,107.7928,100.5966,0.03,0.0,TP1_HIT,107.7928,1.8552,12,train
JPM,2022-06-02,SELL,24.2,118.5412,124.2628,112.6613,106.0319,0.03,0.0,TP1_HIT,112.6613,1.0277,6,train
JPM,2022-06-09,SELL,35.7,110.6981,118.0523,106.8349,100.4249,0.03,0.05,TP1_HIT,106.8349,0.5253,2,train
JPM,2022-07-20,SELL,25.5,104.3049,109.0413,98.2756,92.1237,0.03,0.0,STOP_HIT,109.3142,-1.0576,16,train
JPM,2022-08-09,SELL,35.3,107.5132,108.4451,100.8574,96.5216,0.03,0.0,STOP_HIT,108.4451,-1.0,1,train
JPM,2022-08-16,SELL,20.0,111.4688,116.2275,108.0313,103.3477,0.03,0.0,TP1_HIT,108.0313,0.7224,3,train
JPM,2023-03-31,SELL,18.6,120.3467,126.2191,113.4659,106.1784,0.03,0.0,STOP_HIT,126.2214,-1.0004,9,train
JPM,2023-04-26,SELL,23.2,126.9136,130.0465,121.2956,116.295,0.03,0.05,STOP_HIT,132.8617,-1.8986,3,train
JPM,2023-05-09,SELL,20.7,128.7978,131.4778,121.9587,116.5192,0.03,0.0,STOP_HIT,131.6849,-1.0773,9,train
JPM,2023-10-09,SELL,31.9,137.7133,140.5824,132.5475,127.9561,0.03,0.0,STOP_HIT,140.6723,-1.0313,4,train
JPM,2023-10-16,SELL,22.2,139.7494,143.9604,134.8514,129.6462,0.03,0.0,TP1_HIT,134.8514,1.1631,4,train
JPM,2025-04-11,SELL,37.6,232.5071,249.113,208.4687,185.2433,0.03,0.0,STOP_HIT,249.113,-1.0,15,train
JPM,2025-04-21,SELL,37.7,227.3725,241.8643,201.6313,178.641,0.03,0.05,STOP_HIT,241.8643,-1.0,2,train
JPM,2025-04-28,SELL,37.8,237.4985,252.5404,219.9664,201.3527,0.03,0.0,STOP_HIT,257.8846,-1.3553,10,train
JPM,2025-05-05,SELL,18.5,245.1572,256.751,235.7298,223.7177,0.03,0.0,STOP_HIT,257.8846,-1.0978,5,val
JPM,2026-03-26,SELL,25.3,287.5815,299.774,277.3762,264.5774,0.03,0.0,STOP_HIT,307.97,-1.6722,8,val
XOM,2021-08-13,SELL,28.4,47.601,49.7345,46.3334,44.3899,0.03,0.05,TP1_HIT,46.3334,0.5941,3,train
XOM,2021-08-27,SELL,28.2,47.8118,49.073,45.2311,43.0358,0.03,0.0,TP1_HIT,45.2311,2.0462,15,train
XOM,2021-09-03,SELL,34.6,46.4771,48.3476,44.4125,42.1638,0.03,0.0,STOP_HIT,48.3476,-1.0,13,train
XOM,2021-09-13,SELL,34.6,47.3443,48.6325,45.0247,42.9631,0.03,0.0,STOP_HIT,48.6325,-1.0,8,train
XOM,2022-08-11,SELL,21.9,82.1767,86.8095,77.5298,72.2271,0.03,0.0,STOP_HIT,86.8095,-1.0,8,train
XOM,2022-08-18,SELL,37.3,83.6696,87.7096,78.7977,73.7051,0.03,0.0,STOP_HIT,87.7096,-1.0,4,train
XOM,2023-06-28,SELL,34.5,96.2001,99.0054,91.9744,87.9568,0.03,0.0,TP1_HIT,91.9744,1.5063,11,train
XOM,2023-07-13,SELL,20.6,94.6868,98.0953,91.3603,87.5118,0.03,0.05,TP1_HIT,91.3603,0.976,2,train
XOM,2023-07-20,SELL,21.2,94.8344,97.1647,90.1998,86.2199,0.03,0.0,STOP_HIT,97.1647,-1.0,5,train
XOM,2023-12-14,SELL,26.6,93.1791,96.9488,90.3584,86.5924,0.03,0.0,EXPIRED,90.5199,0.7054,20,train
XOM,2023-12-26,SELL,27.5,94.5222,97.2116,91.2188,87.7943,0.03,0.0,TP1_HIT,91.2188,1.2283,10,train
XOM,2024-01-03,SELL,22.2,96.4119,98.1002,92.3691,89.0942,0.03,0.0,TP1_HIT,92.3691,2.3947,3,train
XOM,2024-07-02,SELL,21.0,107.6488,110.514,103.8318,100.0134,0.03,0.05,STOP_HIT,110.514,-1.0,10,train
XOM,2025-01-17,SELL,21.8,107.3353,110.7904,103.4074,99.1885,0.03,0.0,TP1_HIT,103.4074,1.1369,6,train
XOM,2025-01-27,SELL,32.5,105.7644,108.7939,101.2624,96.9587,0.03,0.0,TP1_HIT,101.2624,1.486,5,train
XOM,2025-02-10,SELL,26.3,106.9043,109.5574,102.0331,97.7334,0.03,0.0,TP1_HIT,102.0331,1.836,16,train
XOM,2025-05-19,SELL,21.4,103.7202,107.4996,99.057,94.2326,0.03,0.05,TP1_HIT,99.057,1.2339,8,val
XOM,2025-06-11,SELL,33.9,106.2399,109.5469,102.7927,98.9332,0.03,0.0,STOP_HIT,109.6183,-1.0216,2,val
JNJ,2021-10-19,SELL,22.1,144.094,147.4978,139.4308,134.8211,0.03,0.0,EXPIRED,142.9858,0.3256,20,train
JNJ,2021-10-26,SELL,29.3,145.5878,148.6427,141.7602,137.8273,0.03,0.0,TP1_HIT,141.7602,1.253,3,train
JNJ,2021-11-04,SELL,21.9,142.7759,148.2318,139.9495,135.2167,0.03,0.0,TP1_HIT,139.9495,0.5181,17,train
JNJ,2021-11-11,SELL,28.5,147.1256,146.7434,138.7754,134.2222,0.03,0.0,STOP_HIT,147.1697,-0.1155,1,train
JNJ,2022-09-15,SELL,29.2,149.0278,152.7739,143.8063,138.682,0.03,0.05,TP1_HIT,143.8063,1.3939,16,train
JNJ,2022-09-22,SELL,21.5,149.4065,154.0321,144.4443,138.9655,0.03,0.05,TP1_HIT,144.4443,1.0728,11,train
JNJ,2023-03-30,SELL,33.2,140.6028,143.2161,136.4486,132.5815,0.03,0.0,STOP_HIT,143.2161,-1.0,2,train
JNJ,2023-11-27,SELL,25.9,141.5996,144.2184,137.9451,134.3604,0.03,0.0,STOP_HIT,144.2184,-1.0,3,train
JNJ,2024-05-06,SELL,31.4,140.7008,143.9821,134.8289,129.5985,0.03,0.05,STOP_HIT,143.9821,-1.0,7,train
JNJ,2024-05-13,SELL,23.3,143.0988,145.796,138.2171,133.8863,0.03,0.0,STOP_HIT,145.9791,-1.0679,4,train
JNJ,2024-05-20,SELL,23.3,144.1169,146.7693,139.7189,135.6901,0.03,0.05,TP1_HIT,139.7189,1.6582,4,train
JNJ,2024-06-04,SELL,18.4,140.5696,143.7532,136.0462,131.6423,0.03,0.0,EXPIRED,138.4451,0.6673,20,train
JNJ,2024-06-11,SELL,26.5,139.7051,142.9043,134.8721,130.2823,0.03,0.0,STOP_HIT,142.9043,-1.0,20,train
JNJ,2024-11-29,SELL,21.3,149.3149,153.1864,144.8429,140.0752,0.03,0.0,TP1_HIT,144.8429,1.1551,3,train
JNJ,2025-01-07,SELL,32.9,140.3801,144.0392,137.2661,133.3958,0.03,0.0,TP1_HIT,137.2661,0.851,1,train
JNJ,2025-01-15,SELL,33.1,139.2512,143.1395,135.6281,131.3358,0.03,0.0,STOP_HIT,143.1395,-1.0,2,train
JNJ,2025-01-23,SELL,21.9,141.5829,145.6376,136.0583,130.5844,0.03,0.05,STOP_HIT,145.6376,-1.0,2,train
JNJ,2025-05-09,SELL,29.7,147.7809,153.8381,144.975,139.9104,0.03,0.05,TP1_HIT,144.975,0.4632,2,val
JNJ,2025-05-23,SELL,27.9,149.5381,152.6657,143.6324,138.4705,0.03,0.05,STOP_HIT,152.6657,-1.0,4,val
JNJ,2025-06-02,SELL,21.2,151.8494,156.1254,147.6282,142.7727,0.03,0.0,TP1_HIT,147.6282,0.9872,13,val
JNJ,2025-06-10,SELL,23.5,153.3208,156.4673,149.5764,145.6388,0.03,0.0,TP1_HIT,149.5764,1.1901,5,val
WMT,2022-01-12,SELL,18.2,45.2502,46.2528,44.0055,42.7213,0.03,0.05,STOP_HIT,46.2528,-1.0,2,train
WMT,2022-02-04,SELL,21.3,44.1871,45.3854,42.134,40.2761,0.03,0.05,TP1_HIT,42.134,1.7133,6,train
WMT,2022-06-27,SELL,35.3,39.644,40.871,37.635,35.7858,0.03,0.0,STOP_HIT,40.9729,-1.0831,13,train
WMT,2022-07-06,SELL,35.4,39.8126,41.1026,38.0758,36.3462,0.03,0.0,STOP_HIT,41.1026,-1.0,7,train
WMT,2022-07-14,SELL,35.3,40.9606,41.7634,39.1915,37.7218,0.03,0.0,STOP_HIT,41.7634,-1.0,4,train
WMT,2022-07-21,SELL,35.1,42.15,43.1928,40.7966,39.4273,0.03,0.0,TP2_HIT,39.4273,2.611,3,train
WMT,2023-02-13,SELL,20.5,46.7219,47.8881,45.3345,43.8753,0.03,0.0,TP1_HIT,45.3345,1.1898,7,train
WMT,2023-02-23,SELL,19.0,45.1316,46.9262,43.7585,41.9483,0.03,0.05,TP1_HIT,43.7585,0.7651,11,train
WMT,2025-03-31,SELL,21.2,86.744,90.0221,83.0121,79.0064,0.03,0.0,TP1_HIT,83.0121,1.1384,4,train
WMT,2025-04-14,SELL,24.5,93.9578,99.2578,86.7488,79.6008,0.03,0.0,EXPIRED,95.2665,-0.2469,20,train
WMT,2025-04-29,SELL,34.4,95.0676,99.8023,89.0526,82.91,0.03,0.0,EXPIRED,96.6178,-0.3274,20,train
V,2021-09-28,SELL,29.6,219.0525,224.1097,209.9222,201.815,0.03,0.05,STOP_HIT,224.1097,-1.0,8,train
V,2021-10-07,SELL,29.8,223.2207,230.5032,212.6522,202.4517,0.03,0.0,TP1_HIT,212.6522,1.4512,4,train
V,2021-10-14,SELL,26.9,219.568,225.2679,207.5208,197.3797,0.03,0.0,STOP_HIT,225.2679,-1.0,3,train
V,2021-11-10,SELL,27.9,209.4435,217.8626,196.5532,184.3763,0.03,0.05,TP1_HIT,196.5532,1.5311,5,train
V,2021-12-06,SELL,35.6,199.4131,206.4171,182.7128,169.1674,0.03,0.0,STOP_HIT,206.4171,-1.0,4,train
V,2021-12-13,SELL,27.8,203.9918,212.8132,193.0281,181.7223,0.03,0.0,STOP_HIT,212.8132,-1.0,14,train
V,2021-12-20,SELL,32.1,203.7737,209.9072,191.7513,181.3765,0.03,0.05,STOP_HIT,209.9072,-1.0,2,train
V,2021-12-28,SELL,25.4,210.797,217.7001,202.3959,193.6506,0.03,0.0,STOP_HIT,217.7001,-1.0,5,train
V,2022-01-04,SELL,23.3,215.521,221.5844,207.1807,198.95,0.03,0.0,TP1_HIT,207.1807,1.3755,4,train
V,2022-05-25,SELL,20.1,199.2544,208.1707,184.6259,171.1717,0.03,0.0,STOP_HIT,208.1707,-1.0,3,train
V,2022-06-08,SELL,29.7,206.5208,215.7318,196.4476,185.428,0.03,0.0,TP1_HIT,196.4476,1.0936,2,train
V,2022-06-24,SELL,19.7,199.8761,208.4319,188.0642,176.4255,0.03,0.0,TP1_HIT,188.0642,1.3806,4,train
V,2022-07-01,SELL,35.9,190.6279,202.4609,181.6729,169.7941,0.03,0.0,STOP_HIT,203.4538,-1.0839,9,train
V,2022-07-11,SELL,32.2,197.4475,207.1742,188.7208,178.176,0.03,0.0,STOP_HIT,207.1742,-1.0,6,train
V,2022-10-21,SELL,35.1,186.2748,192.3888,175.891,166.4637,0.03,0.0,STOP_HIT,192.3888,-1.0,3,train
V,2022-11-03,SELL,32.5,191.619,197.8187,178.6,167.618,0.03,0.05,STOP_HIT,197.8187,-1.0,3,train
V,2024-05-23,SELL,18.4,271.23,276.0107,263.566,256.4548,0.03,0.05,STOP_HIT,276.0107,-1.0,10,train
V,2024-05-31,SELL,25.5,269.4711,274.0662,262.0822,255.2342,0.03,0.0,STOP_HIT,274.1121,-1.01,5,train
V,2024-08-12,SELL,20.1,257.1976,264.9204,246.5268,236.0162,0.03,0.0,STOP_HIT,264.9204,-1.0,4,train
V,2024-08-19,SELL,19.2,263.9901,269.8973,255.0756,246.6061,0.03,0.0,STOP_HIT,269.8973,-1.0,8,train
V,2025-04-24,SELL,23.9,332.1735,354.5579,304.7606,276.305,0.03,0.0,STOP_HIT,356.4722,-1.0855,12,train
V,2025-08-13,SELL,27.6,341.4553,350.9224,328.1651,315.1609,0.03,0.0,STOP_HIT,350.9224,-1.0,9,val
V,2025-08-22,SELL,25.3,348.0964,357.375,336.968,325.3068,0.03,0.0,TP1_HIT,336.968,1.1994,12,val
V,2026-03-02,SELL,30.0,315.7153,331.8318,305.4143,290.3186,0.03,0.0,TP1_HIT,305.4143,0.6392,12,val
V,2026-04-14,SELL,29.4,312.9061,321.33,298.09,284.81,0.03,0.0,STOP_HIT,336.4,-2.789,11,val
V,2026-04-23,SELL,27.8,306.8543,317.2114,297.7714,286.6629,0.03,0.05,STOP_HIT,336.4,-2.8527,4,val
SPY,2022-03-15,SELL,34.5,405.4932,416.5426,382.6671,363.3098,0.01,0.0,STOP_HIT,416.5426,-1.0,3,train
SPY,2022-03-23,SELL,24.4,421.7281,432.6165,403.076,386.1957,0.01,0.05,STOP_HIT,435.3048,-1.2469,4,train
SPY,2022-04-21,SELL,19.0,413.3951,424.2831,401.5134,388.5021,0.01,0.0,TP1_HIT,401.5134,1.0913,2,train
SPY,2022-05-27,SELL,29.2,391.2924,407.7855,373.1684,353.3872,0.01,0.0,TP1_HIT,373.1684,1.0989,9,train
SPY,2022-06-06,SELL,34.5,386.1357,403.3755,371.3867,353.1074,0.01,0.0,TP1_HIT,371.3867,0.8555,4,train
SPY,2022-07-11,SELL,34.8,364.5696,375.9162,350.8124,336.4674,0.01,0.0,STOP_HIT,375.9162,-1.0,7,train
SPY,2022-07-18,SELL,32.0,366.8788,373.455,349.0379,335.0852,0.01,0.0,STOP_HIT,373.455,-1.0,2,train
SPY,2022-10-21,SELL,34.5,358.6629,370.8071,338.9918,320.8117,0.01,0.0,STOP_HIT,370.8071,-1.0,5,train
SPY,2022-10-28,SELL,32.7,368.7294,383.8817,354.3568,337.4853,0.01,0.0,TP1_HIT,354.3568,0.9485,4,train
SPY,2022-11-04,SELL,30.3,360.2193,370.3026,344.2512,329.3647,0.01,0.05,STOP_HIT,370.3027,-1.0,4,train
SPY,2023-10-10,SELL,19.0,422.2183,429.5761,410.0183,398.8424,0.01,0.0,TP1_HIT,410.0183,1.6581,8,train
SPY,2025-04-28,SELL,36.2,542.6345,573.0169,506.7268,468.8468,0.01,0.0,STOP_HIT,574.8798,-1.0613,10,train
SPY,2025-05-05,SELL,26.5,551.5514,573.768,534.9307,512.738,0.01,0.0,STOP_HIT,574.8798,-1.05,5,val
SPY,2026-04-02,SELL,19.9,655.7944,671.9673,634.3137,612.7974,0.01,0.0,STOP_HIT,676.39,-1.2735,3,val
QQQ,2022-03-22,SELL,29.0,345.1533,362.7535,328.4785,308.8928,0.01,0.0,TP1_HIT,328.4785,0.9474,18,train
QQQ,2022-06-01,SELL,36.2,297.2232,312.4719,279.5775,260.7808,0.01,0.0,TP1_HIT,279.5775,1.1572,8,train
QQQ,2022-06-24,SELL,36.6,289.1494,300.7194,270.6214,253.4226,0.01,0.0,TP1_HIT,270.6214,1.6014,4,train
QQQ,2022-07-11,SELL,36.5,283.6008,293.1953,267.9565,253.5343,0.01,0.0,STOP_HIT,293.1953,-1.0,7,train
QQQ,2022-07-19,SELL,18.9,291.8162,301.8424,277.5358,263.6463,0.01,0.0,STOP_HIT,301.8424,-1.0,7,train
QQQ,2022-10-25,SELL,35.3,272.5041,290.1342,262.192,246.2251,0.01,0.0,TP1_HIT,262.192,0.5849,6,train
QQQ,2022-11-01,SELL,35.5,269.1964,281.446,252.9949,236.7372,0.01,0.0,STOP_HIT,281.446,-1.0,8,train
QQQ,2022-11-08,SELL,35.7,262.033,274.5738,249.4381,235.0748,0.01,0.0,STOP_HIT,274.5738,-1.0,2,train
QQQ,2022-11-16,SELL,24.0,274.7349,290.9993,263.8474,248.332,0.01,0.05,EXPIRED,270.9948,0.23,20,train
QQQ,2024-09-11,SELL,18.6,464.2494,478.3624,445.4709,426.6758,0.01,0.0,STOP_HIT,478.3624,-1.0,6,train
QQQ,2024-09-18,SELL,27.8,477.8392,480.0448,449.7465,432.4332,0.01,0.05,STOP_HIT,480.0448,-1.0,1,train
QQQ,2025-04-11,SELL,37.0,462.1764,483.9336,409.9144,367.6177,0.01,0.0,STOP_HIT,483.9336,-1.0,13,train
QQQ,2025-04-28,SELL,37.3,467.8584,497.6408,433.459,396.7837,0.01,0.0,STOP_HIT,504.5478,-1.2319,10,train
QQQ,2025-05-05,SELL,31.4,477.2022,500.5898,460.9218,438.2543,0.01,0.0,STOP_HIT,504.5478,-1.1692,5,val
QQQ,2026-04-01,SELL,22.6,573.9126,600.9985,562.0587,539.8074,0.01,0.0,STOP_HIT,608.71,-1.2847,4,val
IWM,2021-09-10,SELL,19.6,210.1141,213.3798,202.5598,196.3769,0.01,0.05,TP1_HIT,202.5598,2.3133,6,train
IWM,2022-02-10,SELL,22.5,192.9631,201.8378,180.7107,168.638,0.01,0.0,TP1_HIT,180.7107,1.3806,9,train
IWM,2022-02-17,SELL,35.7,190.4806,197.7688,181.1832,171.7056,0.01,0.0,TP1_HIT,181.1832,1.2757,4,train
IWM,2022-02-28,SELL,23.5,192.025,200.3352,182.4489,172.2282,0.01,0.0,TP1_HIT,182.4489,1.1523,10,train
IWM,2022-03-22,SELL,20.0,195.3319,203.5023,187.4686,178.3065,0.01,0.0,TP1_HIT,187.4686,0.9624,12,train
IWM,2022-05-26,SELL,35.7,174.4591,181.9672,162.1848,150.8806,0.01,0.0,TP1_HIT,162.1848,1.6348,11,train
IWM,2022-06-03,SELL,35.8,179.7092,184.5468,168.3605,159.1112,0.01,0.0,TP1_HIT,168.3605,2.3459,6,train
IWM,2022-06-27,SELL,36.0,168.4174,174.4773,157.7337,148.1659,0.01,0.0,EXPIRED,170.7191,-0.3798,20,train
IWM,2022-07-05,SELL,36.1,164.153,171.3426,155.4493,146.3674,0.01,0.0,STOP_HIT,171.3426,-1.0,11,train
IWM,2022-07-12,SELL,32.5,160.9312,169.2135,155.267,147.2976,0.01,0.05,STOP_HIT,169.2135,-1.0,5,train
IWM,2022-10-17,SELL,34.9,168.2648,172.5915,154.2069,143.7014,0.01,0.0,STOP_HIT,172.5915,-1.0,7,train
IWM,2022-10-25,SELL,35.1,171.4128,177.8279,160.7112,150.9303,0.01,0.0,STOP_HIT,177.8279,-1.0,13,train
IWM,2022-11-01,SELL,18.2,174.9434,182.7053,166.2872,156.9054,0.01,0.0,EXPIRED,179.2957,-0.5607,20,train
IWM,2022-11-09,SELL,21.9,173.9092,173.2029,158.9737,150.8427,0.01,0.05,STOP_HIT,174.0136,-0.1478,1,train
IWM,2023-04-13,SELL,34.3,172.0479,176.2341,166.1464,160.382,0.01,0.0,TP1_HIT,166.1464,1.4098,9,train
IWM,2023-05-09,SELL,32.0,169.7615,171.8894,161.4929,155.5521,0.01,0.0,STOP_HIT,172.2388,-1.1642,8,train
IWM,2023-10-17,SELL,33.0,168.7755,174.8745,163.6542,157.2426,0.01,0.0,TP1_HIT,163.6542,0.8397,3,train
IWM,2023-11-07,SELL,33.1,166.8898,171.4653,160.8282,154.7499,0.01,0.0,STOP_HIT,171.4653,-1.0,5,train
IWM,2023-11-16,SELL,18.3,172.4788,176.3639,163.7779,156.5858,0.01,0.0,STOP_HIT,176.3639,-1.0,8,train
IWM,2025-02-07,SELL,28.0,224.3076,228.3653,216.0559,209.022,0.01,0.05,TP1_HIT,216.0559,2.0335,9,train
IWM,2025-02-18,SELL,24.0,222.4852,229.2213,217.7016,211.1189,0.01,0.0,TP1_HIT,217.7016,0.7101,3,train
IWM,2025-03-25,SELL,19.7,205.7223,211.9317,196.8908,188.2961,0.01,0.0,TP1_HIT,196.8908,1.4223,4,train
IWM,2025-04-23,SELL,37.1,188.7073,202.2444,169.5246,150.8275,0.01,0.0,STOP_HIT,206.6134,-1.3227,13,train
IWM,2025-04-30,SELL,37.2,193.6041,200.564,182.4072,172.0318,0.01,0.0,STOP_HIT,200.564,-1.0,6,train
IWM,2025-05-07,SELL,37.1,197.5216,201.6137,186.9171,178.5191,0.01,0.05,STOP_HIT,206.6134,-2.2218,3,val
IWM,2026-04-06,SELL,21.7,251.1849,261.1159,240.6854,229.0109,0.01,0.0,STOP_HIT,261.52,-1.0407,2,val
DIA,2022-03-15,SELL,33.1,315.1126,322.197,299.2364,286.1161,0.01,0.0,STOP_HIT,322.197,-1.0,3,train
DIA,2022-03-23,SELL,22.1,320.5927,328.1464,308.6238,297.468,0.01,0.05,STOP_HIT,328.3931,-1.0327,4,train
DIA,2022-06-03,SELL,22.2,309.4363,316.6938,295.3129,283.0953,0.01,0.05,TP1_HIT,295.3129,1.9461,5,train
DIA,2022-06-27,SELL,34.1,295.7177,303.4975,281.8322,269.4521,0.01,0.0,EXPIRED,297.3128,-0.205,20,train
DIA,2022-07-05,SELL,34.2,289.9578,298.8166,277.9186,265.9768,0.01,0.05,STOP_HIT,298.8166,-1.0,11,train
DIA,2022-10-21,SELL,31.9,294.1133,302.1896,279.7902,266.9906,0.01,0.0,STOP_HIT,302.1896,-1.0,3,train
DIA,2022-11-03,SELL,18.1,304.388,309.2819,290.0759,279.1011,0.01,0.05,STOP_HIT,309.2819,-1.0,2,train
DIA,2025-04-15,SELL,35.0,395.9222,418.7878,368.7426,340.1454,0.01,0.0,EXPIRED,414.1198,-0.7958,20,train
DIA,2025-04-23,SELL,35.2,389.4237,413.2262,358.6969,327.5372,0.01,0.0,STOP_HIT,416.4929,-1.1372,13,train
DIA,2025-04-30,SELL,35.3,402.263,413.7452,381.9696,363.8121,0.01,0.0,STOP_HIT,416.4929,-1.2393,8,train
DIA,2025-05-07,SELL,24.8,406.5396,415.2588,390.7733,376.7815,0.01,0.05,STOP_HIT,416.4929,-1.1415,3,val
DIA,2026-04-02,SELL,23.3,463.9167,475.7081,450.4021,435.9415,0.01,0.0,STOP_HIT,478.6768,-1.2518,3,val
TSLA,2022-02-09,SELL,43.7,302.4872,340.9231,270.3247,229.9828,0.1,0.0,TP1_HIT,270.3247,0.8368,8,train
TSLA,2022-03-18,SELL,44.4,304.6884,325.0231,270.8281,239.8595,0.1,0.0,STOP_HIT,325.0231,-1.0,2,train
TSLA,2022-03-25,SELL,22.3,354.6783,360.6214,305.2248,273.5695,0.1,0.0,STOP_HIT,360.6214,-1.0,1,train
TSLA,2022-05-31,SELL,44.9,251.4683,281.5326,214.3809,176.0086,0.1,0.0,TP1_HIT,214.3809,1.2336,10,train
TSLA,2022-06-22,SELL,45.8,237.6688,260.5392,203.4833,170.88,0.1,0.0,STOP_HIT,260.5392,-1.0,20,train
TSLA,2022-07-07,SELL,45.7,242.091,264.674,217.7024,190.8614,0.1,0.0,STOP_HIT,264.674,-1.0,10,train
TSLA,2022-07-14,SELL,45.0,239.76,257.1933,213.14,187.9667,0.1,0.0,STOP_HIT,257.1933,-1.0,5,train
TSLA,2022-10-28,SELL,40.7,225.9638,248.7668,201.5243,174.5286,0.1,0.0,TP1_HIT,201.5243,1.0718,6,train
TSLA,2022-11-30,SELL,42.7,196.8829,209.3979,175.1029,155.5057,0.1,0.0,TP1_HIT,175.1029,1.7403,5,train
TSLA,2023-01-23,SELL,44.4,142.857,157.4761,125.4486,107.1471,0.1,0.0,STOP_HIT,159.97,-1.1706,3,train
TSLA,2023-01-30,SELL,44.4,164.4054,181.3804,147.0329,127.4057,0.1,0.0,STOP_HIT,181.3804,-1.0,2,train
TSLA,2023-05-08,SELL,39.4,168.781,182.62,157.35,142.91,0.1,0.0,STOP_HIT,182.62,-1.0,10,train
TSLA,2023-09-08,SELL,22.1,263.8736,265.9771,225.1971,201.8943,0.1,0.05,STOP_HIT,265.9771,-1.0,1,train
TSLA,2023-09-20,SELL,22.1,257.4632,279.285,240.33,218.07,0.1,0.05,TP1_HIT,240.33,0.7851,3,train
TSLA,2023-10-09,SELL,20.0,257.3634,274.6389,239.7114,219.7529,0.1,0.05,TP1_HIT,239.7114,1.0218,8,train
TSLA,2023-11-16,SELL,32.1,231.768,250.2282,211.4057,189.2214,0.1,0.0,STOP_HIT,250.2282,-1.0,8,train
TSLA,2023-11-28,SELL,37.4,248.9608,262.5171,225.6571,204.5943,0.1,0.0,STOP_HIT,262.5171,-1.0,20,train
TSLA,2023-12-05,SELL,18.3,242.5556,252.9936,219.6886,200.6571,0.1,0.05,STOP_HIT,252.9936,-1.0,7,train
TSLA,2023-12-14,SELL,22.8,250.9588,264.4161,233.2286,215.4071,0.1,0.0,STOP_HIT,264.4161,-1.0,9,train
TSLA,2024-02-16,SELL,37.9,195.9339,211.0232,185.1857,170.4214,0.1,0.0,TP1_HIT,185.1857,0.7123,11,train
TSLA,2024-03-01,SELL,38.1,198.5313,213.9061,187.6186,172.5971,0.1,0.0,TP1_HIT,187.6186,0.7098,1,train
TSLA,2024-04-10,SELL,38.9,172.3775,183.4268,156.2043,140.6486,0.1,0.0,TP1_HIT,156.2043,1.4637,4,train
TSLA,2024-04-24,SELL,39.0,158.801,174.6754,145.4029,128.6757,0.1,0.0,STOP_HIT,188.42,-1.8658,3,train
TSLA,2024-05-01,SELL,37.9,182.6771,195.2322,159.6671,139.3443,0.1,0.0,EXPIRED,178.79,0.3096,20,train
TSLA,2024-05-08,SELL,39.3,174.7475,190.3254,153.9129,133.1057,0.1,0.05,EXPIRED,177.94,-0.2049,20,train
TSLA,2025-03-28,SELL,43.3,248.936,289.6778,228.7128,193.8757,0.1,0.05,TP1_HIT,228.7128,0.4964,6,train
TSLA,2025-04-11,SELL,47.2,258.1016,292.0932,199.2657,146.2214,0.1,0.0,STOP_HIT,292.0932,-1.0,10,train
TSLA,2025-04-28,SELL,47.7,285.2145,318.4675,242.43,198.98,0.1,0.0,STOP_HIT,321.99,-1.1059,10,train
TSLA,2025-05-05,SELL,47.7,272.7003,304.635,247.76,215.26,0.1,0.05,STOP_HIT,304.635,-1.0,4,val
TSLA,2026-04-14,SELL,37.5,366.4632,386.7504,334.1329,304.0657,0.1,0.0,STOP_HIT,386.7504,-1.0,1,val
TSLA,2026-04-21,SELL,35.5,386.9887,410.9922,353.6572,320.8943,0.1,0.05,EXPIRED,394.7,-0.3213,8,val
TSLA,2026-04-28,SELL,37.7,375.0246,397.4057,347.5057,318.9914,0.1,0.0,EXPIRED,394.7,-0.8791,3,val
COIN,2022-02-09,SELL,46.1,210.3594,241.0093,179.1543,143.8086,0.1,0.0,TP1_HIT,179.1543,1.0181,8,train
COIN,2022-02-16,SELL,45.4,201.8979,228.9546,179.9672,151.9743,0.1,0.0,TP1_HIT,179.9672,0.8105,3,train
COIN,2022-03-18,SELL,47.5,181.6182,205.6211,159.6986,133.4571,0.1,0.0,STOP_HIT,205.6211,-1.0,7,train
COIN,2022-03-28,SELL,47.6,198.751,220.4696,175.9971,150.5843,0.1,0.0,TP1_HIT,175.9971,1.0477,7,train
COIN,2022-04-05,SELL,34.1,172.5708,194.2861,154.3486,131.5271,0.1,0.05,TP1_HIT,154.3486,0.8391,4,train
COIN,2022-07-07,SELL,52.9,55.5544,66.4386,45.4886,33.5171,0.1,0.0,STOP_HIT,67.08,-1.0589,9,train
COIN,2022-07-21,SELL,18.5,76.1238,84.0632,60.5357,47.0914,0.1,0.0,TP1_HIT,60.5357,1.9634,3,train
COIN,2022-07-28,SELL,52.9,60.0498,73.2407,47.5957,32.9414,0.1,0.05,STOP_HIT,73.2407,-1.0,4,train
COIN,2022-10-26,SELL,48.0,74.4355,83.6521,60.6871,47.5643,0.1,0.0,TP1_HIT,60.6871,1.4917,5,train
COIN,2023-01-10,SELL,52.4,41.918,48.1093,36.7243,30.2186,0.1,0.0,STOP_HIT,48.1093,-1.0,3,train
COIN,2023-01-18,SELL,52.6,49.1608,56.7179,41.5329,32.8557,0.1,0.0,STOP_HIT,56.7179,-1.0,7,train
COIN,2023-01-25,SELL,51.0,55.9759,59.7918,43.3843,34.0086,0.1,0.05,STOP_HIT,59.7918,-1.0,2,train
COIN,2023-05-05,SELL,21.2,55.8441,64.6857,49.6457,41.0514,0.1,0.0,STOP_HIT,64.6857,-1.0,18,train
COIN,2023-05-15,SELL,31.2,58.592,67.1107,52.3157,43.8614,0.1,0.05,TP1_HIT,52.3157,0.7368,15,train
COIN,2023-05-23,SELL,38.9,57.6933,65.6443,50.3743,41.6486,0.1,0.05,STOP_HIT,65.6443,-1.0,6,train
COIN,2023-05-31,SELL,46.9,61.7382,68.1014,54.3314,46.4629,0.1,0.0,TP1_HIT,54.3314,1.164,4,train
COIN,2023-06-16,SELL,46.4,55.8441,62.5296,46.3371,37.0843,0.1,0.0,STOP_HIT,62.5296,-1.0,5,train
COIN,2023-06-26,SELL,46.3,63.7362,68.3139,53.4414,44.9429,0.1,0.0,STOP_HIT,68.3139,-1.0,1,train
COIN,2023-10-10,SELL,43.3,79.1907,85.83,71.34,63.06,0.1,0.0,STOP_HIT,85.83,-1.0,10,train
COIN,2023-10-17,SELL,42.9,76.8031,83.9754,68.7729,60.0857,0.1,0.0,STOP_HIT,83.9754,-1.0,5,train
COIN,2023-10-26,SELL,19.1,76.3353,82.5396,64.0371,53.4643,0.1,0.05,STOP_HIT,82.5396,-1.0,5,train
COIN,2024-06-03,SELL,45.7,229.8847,256.1946,198.3171,165.2443,0.1,0.05,STOP_HIT,256.1946,-1.0,3,train
COIN,2024-06-10,SELL,19.6,242.5656,273.6289,218.0514,186.2929,0.1,0.05,TP1_HIT,218.0514,0.7892,9,train
COIN,2024-06-17,SELL,33.2,237.8926,268.2214,214.2714,183.4429,0.1,0.05,TP1_HIT,214.2714,0.7788,4,train
COIN,2024-08-16,SELL,45.3,203.1367,228.6104,174.2429,143.1757,0.1,0.0,TP1_HIT,174.2429,1.1343,11,train
COIN,2024-08-23,SELL,45.3,209.0907,229.5821,187.1571,162.9143,0.1,0.0,TP1_HIT,187.1571,1.0704,5,train
COIN,2024-09-30,SELL,45.3,178.5413,192.2079,159.4529,140.7357,0.1,0.0,STOP_HIT,192.2079,-1.0,10,train
COIN,2024-10-07,SELL,45.4,166.1936,183.9414,148.8914,128.8629,0.1,0.0,STOP_HIT,183.9414,-1.0,5,train
COIN,2025-03-24,SELL,45.6,201.9279,224.9089,173.8814,144.7229,0.1,0.0,TP1_HIT,173.8814,1.2204,4,train
COIN,2025-04-14,SELL,48.4,177.4734,201.0986,143.8886,111.1972,0.1,0.05,STOP_HIT,201.0986,-1.0,7,train
COIN,2025-04-22,SELL,48.4,197.5522,213.5607,158.5857,127.1714,0.1,0.0,STOP_HIT,213.5607,-1.0,13,train
COIN,2025-04-29,SELL,48.3,199.4703,223.8354,182.5229,158.9157,0.1,0.0,STOP_HIT,231.71,-1.3232,10,train
COIN,2025-05-06,SELL,45.0,199.5303,210.0482,179.3457,161.8014,0.1,0.05,STOP_HIT,210.0482,-1.0,2,val
COIN,2025-10-02,SELL,33.6,372.9767,395.7122,340.5471,309.0243,0.1,0.0,STOP_HIT,395.7122,-1.0,6,val
COIN,2026-01-06,SELL,42.3,248.0317,266.04,229.92,209.28,0.1,0.0,TP1_HIT,229.92,1.0057,9,val
COIN,2026-01-14,SELL,41.8,250.3394,270.8654,235.8529,215.8457,0.1,0.0,TP1_HIT,235.8529,0.7058,3,val
COIN,2026-02-27,SELL,42.6,172.3275,194.5347,150.9371,126.0243,0.1,0.0,STOP_HIT,195.91,-1.0619,3,val
COIN,2026-03-06,SELL,43.1,197.802,217.2396,170.5271,143.8343,0.1,0.0,TP1_HIT,170.5271,1.4032,15,val
COIN,2026-03-16,SELL,43.6,202.0677,223.4093,176.5343,149.7486,0.1,0.0,TP1_HIT,176.5343,1.1964,8,val
SOFI,2021-09-08,SELL,41.6,15.2947,16.3196,14.3371,13.2043,0.1,0.0,STOP_HIT,16.3196,-1.0,10,train
SOFI,2021-09-17,SELL,40.9,14.5654,16.0929,13.7529,12.4157,0.1,0.0,STOP_HIT,16.0929,-1.0,3,train
SOFI,2021-09-29,SELL,24.2,15.8761,17.3761,14.1886,12.3671,0.1,0.05,STOP_HIT,17.3761,-1.0,8,train
SOFI,2021-12-31,SELL,45.2,16.0839,17.1793,13.9843,12.1586,0.1,0.0,TP1_HIT,13.9843,1.9168,4,train
SOFI,2022-02-01,SELL,48.1,13.017,15.3357,10.5157,7.7614,0.1,0.0,TP1_HIT,10.5157,1.0787,14,train
SOFI,2022-02-15,SELL,47.8,12.5974,14.0837,10.575,8.57,0.1,0.0,TP1_HIT,10.575,1.3606,4,train
SOFI,2022-03-02,SELL,49.0,11.4785,13.1365,9.5047,7.4294,0.1,0.0,TP1_HIT,9.5047,1.1905,4,train
SOFI,2022-03-30,SELL,50.3,9.8102,10.8553,8.323,6.876,0.1,0.0,TP1_HIT,8.323,1.423,6,train
SOFI,2022-05-19,SELL,49.3,8.012,8.7732,6.3857,5.0214,0.1,0.0,TP1_HIT,6.3857,2.1364,14,train
SOFI,2022-05-26,SELL,49.2,7.2791,8.1934,5.7354,4.3309,0.1,0.05,TP1_HIT,5.7354,1.6882,11,train
SOFI,2022-06-06,SELL,49.0,6.7399,7.7265,5.7047,4.5494,0.1,0.05,TP1_HIT,5.7047,1.0492,5,train
SOFI,2022-07-11,SELL,44.4,6.014,6.5686,5.2651,4.5203,0.1,0.0,STOP_HIT,6.5686,-1.0,5,train
SOFI,2022-07-18,SELL,44.3,6.4735,6.8986,5.6186,4.8871,0.1,0.0,STOP_HIT,6.8986,-1.0,2,train
SOFI,2022-07-26,SELL,45.6,6.2406,6.6741,5.4279,4.7157,0.1,0.05,STOP_HIT,7.28,-2.3977,6,train
SOFI,2022-08-02,SELL,44.5,7.2727,6.9152,5.7364,5.0629,0.1,0.0,STOP_HIT,7.28,-0.0204,1,train
SOFI,2022-10-21,SELL,43.4,5.1323,5.6048,4.5436,3.9371,0.1,0.05,STOP_HIT,5.6048,-1.0,2,train
SOFI,2022-10-28,SELL,43.2,5.5517,5.9146,4.8306,4.2111,0.1,0.05,STOP_HIT,6.46,-2.5029,2,train
SOFI,2022-11-04,SELL,44.7,5.2222,5.7614,4.4049,3.6297,0.1,0.05,STOP_HIT,5.7614,-1.0,5,train
SOFI,2022-11-16,SELL,44.7,5.332,6.152,4.7007,3.8714,0.1,0.05,TP1_HIT,4.7007,0.7699,4,train
SOFI,2022-12-20,SELL,44.6,4.643,4.9514,4.0614,3.5529,0.1,0.05,STOP_HIT,4.9514,-1.0,12,train
SOFI,2023-01-05,SELL,44.3,4.6553,5.0054,4.1294,3.6289,0.1,0.0,STOP_HIT,5.0054,-1.0,3,train
SOFI,2023-01-12,SELL,38.6,5.2198,5.7713,4.8116,4.2631,0.1,0.0,STOP_HIT,5.7713,-1.0,6,train
SOFI,2023-01-25,SELL,23.4,5.8941,6.2266,5.2079,4.6257,0.1,0.0,STOP_HIT,6.59,-2.0929,3,train
SOFI,2023-04-19,SELL,41.7,5.974,6.4759,5.5521,5.0243,0.1,0.0,STOP_HIT,6.52,-1.0879,8,train
SOFI,2023-05-10,SELL,43.8,5.4346,6.0199,4.7601,4.0403,0.1,0.0,TP1_HIT,4.7601,1.1522,3,train
SOFI,2023-05-24,SELL,20.8,5.3846,5.7477,4.7264,4.1429,0.1,0.0,STOP_HIT,5.81,-1.1717,3,train
SOFI,2023-10-11,SELL,40.0,8.6314,9.195,7.7833,6.9766,0.1,0.0,TP1_HIT,7.7833,1.5045,5,train
SOFI,2023-11-01,SELL,41.8,7.8921,8.2571,6.6771,5.7743,0.1,0.0,STOP_HIT,8.28,-1.0626,2,train
SOFI,2024-04-03,SELL,22.0,7.6424,7.95,6.9933,6.4466,0.1,0.0,TP1_HIT,6.9933,2.1095,9,train
SOFI,2024-04-11,SELL,19.9,7.5487,8.0602,7.0797,6.5194,0.1,0.05,TP1_HIT,7.0797,0.9167,3,train
SOFI,2024-04-25,SELL,39.9,7.6903,8.0261,7.0086,6.4271,0.1,0.0,TP1_HIT,7.0086,2.0304,2,train
SOFI,2024-05-13,SELL,40.1,7.2028,7.6071,6.4471,5.7843,0.1,0.0,STOP_HIT,7.6071,-1.0,1,train
SOFI,2024-05-22,SELL,27.3,7.0294,7.4009,6.5121,6.0043,0.1,0.05,STOP_HIT,7.4009,-1.0,14,train
SOFI,2024-06-06,SELL,22.9,6.9131,7.3805,6.6793,6.2786,0.1,0.0,STOP_HIT,7.3805,-1.0,4,train
SOFI,2024-06-28,SELL,35.5,6.5934,6.9364,6.1749,5.7397,0.1,0.0,TP1_HIT,6.1749,1.2204,6,train
SOFI,2024-07-25,SELL,18.8,7.4688,7.7873,6.5803,5.8906,0.1,0.05,STOP_HIT,7.7873,-1.0,3,train
SOFI,2025-03-24,SELL,24.3,13.7163,14.9036,12.1419,10.5637,0.1,0.0,TP1_HIT,12.1419,1.326,3,train
SOFI,2025-04-22,SELL,47.3,12.008,12.9283,9.059,6.848,0.1,0.0,STOP_HIT,12.9283,-1.0,3,train
SOFI,2025-04-29,SELL,47.6,12.7722,14.5544,11.5574,9.8449,0.1,0.0,STOP_HIT,14.5544,-1.0,11,train
SOFI,2025-05-06,SELL,47.4,12.6873,13.7891,11.3179,9.9057,0.1,0.0,STOP_HIT,14.04,-1.2277,4,val
SOFI,2026-01-08,SELL,44.4,27.7633,29.4777,25.3764,23.0329,0.1,0.05,TP1_HIT,25.3764,1.3923,7,val
SOFI,2026-01-15,SELL,43.7,26.5002,28.3664,23.8714,21.3029,0.1,0.05,TP1_HIT,23.8714,1.4086,10,val
SOFI,2026-04-15,SELL,42.1,19.6004,20.0313,17.135,15.48,0.1,0.0,STOP_HIT,20.0313,-1.0,2,val
SOFI,2026-04-22,SELL,41.3,18.7418,20.3509,17.3389,15.6177,0.1,0.05,TP1_HIT,17.3389,0.872,5,val
PLTR,2022-03-22,SELL,46.7,13.1468,14.4824,11.6534,10.0369,0.1,0.0,STOP_HIT,14.4824,-1.0,9,train
PLTR,2022-03-29,SELL,36.1,14.026,15.3079,12.7229,11.2457,0.1,0.0,TP1_HIT,12.7229,1.0165,7,train
PLTR,2022-04-11,SELL,44.4,12.8607,13.7207,11.2457,9.8314,0.1,0.05,TP1_HIT,11.2457,1.8778,10,train
PLTR,2022-04-21,SELL,45.5,12.3177,13.4602,10.823,9.316,0.1,0.0,TP1_HIT,10.823,1.3082,4,train
PLTR,2022-05-27,SELL,45.4,8.961,9.8086,7.5719,6.2937,0.1,0.0,TP1_HIT,7.5719,1.639,10,train
PLTR,2022-06-07,SELL,45.6,9.1662,9.9682,8.0124,6.8949,0.1,0.05,TP1_HIT,8.0124,1.4387,4,train
PLTR,2022-06-22,SELL,46.0,9.011,9.8752,7.8564,6.7029,0.1,0.0,STOP_HIT,9.8752,-1.0,2,train
PLTR,2022-06-29,SELL,46.2,9.0065,10.1573,7.9936,6.7571,0.1,0.05,STOP_HIT,10.1573,-1.0,4,train
PLTR,2022-07-07,SELL,46.3,9.9101,11.1522,8.8837,7.5874,0.1,0.0,TP1_HIT,8.8837,0.8263,5,train
PLTR,2022-07-14,SELL,46.0,8.9965,9.7977,7.703,6.506,0.1,0.05,STOP_HIT,9.7977,-1.0,4,train
PLTR,2022-09-28,SELL,41.2,8.042,8.5271,7.1571,6.3743,0.1,0.0,STOP_HIT,8.5271,-1.0,4,train
PLTR,2022-10-05,SELL,41.0,8.3916,9.0231,7.6159,6.8117,0.1,0.0,TP1_HIT,7.6159,1.2284,6,train
PLTR,2022-10-12,SELL,40.6,7.7284,8.6629,7.2794,6.4889,0.1,0.05,STOP_HIT,8.6629,-1.0,10,train
PLTR,2022-10-19,SELL,41.0,7.7223,8.5645,7.0373,6.1646,0.1,0.0,STOP_HIT,8.5645,-1.0,4,train
PLTR,2022-10-26,SELL,41.1,8.6713,9.2734,7.6321,6.6943,0.1,0.0,TP1_HIT,7.6321,1.726,8,train
PLTR,2022-11-03,SELL,26.7,8.1777,8.7357,7.2057,6.3314,0.1,0.05,TP1_HIT,7.2057,1.7419,2,train
PLTR,2022-11-17,SELL,21.6,7.7484,8.4757,6.479,5.338,0.1,0.05,EXPIRED,6.9,1.1663,20,train
PLTR,2022-12-13,SELL,42.8,7.4925,8.0231,6.8026,6.1051,0.1,0.0,TP1_HIT,6.8026,1.3004,3,train
PLTR,2023-01-12,SELL,42.4,6.8332,7.467,6.4007,5.7914,0.1,0.0,STOP_HIT,7.467,-1.0,10,train
PLTR,2023-01-25,SELL,41.5,7.3626,7.732,6.5373,5.8546,0.1,0.0,STOP_HIT,7.732,-1.0,4,train
PLTR,2023-09-18,SELL,33.1,15.317,16.6321,13.8971,12.3343,0.1,0.05,TP1_HIT,13.8971,1.0796,3,train
PLTR,2023-10-02,SELL,23.5,15.5944,16.9119,14.5041,13.1283,0.1,0.0,STOP_HIT,16.9119,-1.0,5,train
PLTR,2023-10-09,SELL,43.3,18.0419,18.9029,15.8861,14.1623,0.1,0.0,TP1_HIT,15.8861,2.504,9,train
PLTR,2024-01-23,SELL,28.9,17.4925,18.3281,15.9991,14.6683,0.1,0.0,STOP_HIT,20.3,-3.3597,10,train
PLTR,2024-01-30,SELL,39.1,16.3936,17.767,15.3707,14.0014,0.1,0.0,STOP_HIT,17.767,-1.0,4,train
PLTR,2024-05-08,SELL,39.6,21.4578,23.3654,19.1529,16.7457,0.1,0.05,STOP_HIT,23.3654,-1.0,20,train
PLTR,2024-06-05,SELL,37.8,22.957,23.9692,21.6144,20.2689,0.1,0.0,STOP_HIT,24.2,-1.228,5,train
PLTR,2025-12-17,SELL,24.2,181.2377,187.4454,163.7494,150.2088,0.1,0.05,STOP_HIT,187.4454,-1.0,2,val
PLTR,2026-03-03,SELL,41.2,148.2816,157.5014,133.5114,119.8029,0.1,0.0,STOP_HIT,157.5014,-1.0,3,val
PLTR,2026-03-10,SELL,41.5,151.1529,161.3172,137.5704,124.0008,0.1,0.05,STOP_HIT,161.3172,-1.0,10,val
PLTR,2026-03-17,SELL,41.2,154.7901,164.4792,142.5477,130.0154,0.1,0.0,TP1_HIT,142.5477,1.2635,8,val
PLTR,2026-03-26,SELL,41.4,145.6612,156.7631,135.2891,123.0183,0.1,0.05,TP1_HIT,135.2891,0.9343,9,val
PLTR,2026-04-07,SELL,41.5,154.6102,160.7767,135.7944,121.5189,0.1,0.0,TP1_HIT,135.7944,3.0513,2,val
KO,2021-10-22,SELL,18.1,47.548,48.4004,46.5877,45.5519,0.03,0.0,STOP_HIT,48.9529,-1.6483,3,train
KO,2022-06-30,SELL,20.2,56.4204,58.0459,53.9201,51.5625,0.03,0.05,EXPIRED,57.4049,-0.6056,20,train
KO,2022-07-27,SELL,19.1,56.2698,57.7598,54.5103,52.6534,0.03,0.0,STOP_HIT,57.7598,-1.0,3,train
KO,2022-10-26,SELL,33.0,53.8424,55.1729,51.3072,49.0982,0.03,0.0,STOP_HIT,55.3003,-1.0958,12,train
KO,2022-11-02,SELL,33.8,52.3209,54.5759,50.8837,48.7738,0.03,0.05,STOP_HIT,54.5759,-1.0,6,train
KO,2023-03-13,SELL,27.5,54.4057,55.4864,52.6641,51.0514,0.03,0.05,STOP_HIT,55.4864,-1.0,6,train
KO,2023-07-18,SELL,19.9,55.9775,56.814,54.4713,53.1326,0.03,0.0,STOP_HIT,56.814,-1.0,1,train
KO,2023-10-24,SELL,30.3,51.7701,53.3847,49.3935,47.1128,0.03,0.0,STOP_HIT,53.3847,-1.0,8,train
KO,2023-10-31,SELL,22.8,52.7357,53.7691,50.7229,48.9822,0.03,0.0,STOP_HIT,53.7691,-1.0,15,train
KO,2023-11-07,SELL,21.2,53.2184,54.3214,51.4818,49.8592,0.03,0.0,STOP_HIT,54.3214,-1.0,11,train
KO,2024-11-29,SELL,32.7,61.7711,62.9699,60.2834,58.7482,0.03,0.0,TP1_HIT,60.2834,1.2409,3,train
KO,2024-12-13,SELL,32.9,60.9802,62.3046,59.0095,57.1266,0.03,0.0,TP1_HIT,59.0095,1.4881,14,train
KO,2025-01-15,SELL,19.2,59.2346,60.8252,57.9432,56.2963,0.03,0.0,STOP_HIT,60.8252,-1.0,3,train
PG,2022-03-21,SELL,30.5,137.482,139.7251,128.9199,122.7455,0.03,0.0,STOP_HIT,139.7251,-1.0,6,train
PG,2022-03-30,SELL,20.6,138.0824,142.1281,133.3912,128.3987,0.03,0.0,STOP_HIT,142.1281,-1.0,6,train
PG,2022-06-24,SELL,35.4,129.8642,135.4424,123.0014,115.8923,0.03,0.0,EXPIRED,130.6286,-0.137,20,train
PG,2022-07-01,SELL,35.4,130.2788,136.6965,125.0307,118.3646,0.03,0.0,EXPIRED,129.6397,0.0996,20,train
PG,2022-07-12,SELL,35.3,130.0604,134.2509,125.4312,120.3913,0.03,0.05,STOP_HIT,134.2509,-1.0,12,train
PG,2022-07-19,SELL,33.9,129.6912,133.0026,125.6025,121.3738,0.03,0.05,STOP_HIT,133.0026,-1.0,7,train
PG,2022-07-26,SELL,25.7,130.4896,133.9442,126.8005,122.7183,0.03,0.0,STOP_HIT,133.9442,-1.0,2,train
PG,2022-10-19,SELL,33.9,117.4777,121.2438,112.5959,107.6542,0.03,0.0,STOP_HIT,121.2438,-1.0,6,train
PG,2022-10-26,SELL,34.0,120.5649,124.079,115.4948,110.5895,0.03,0.0,STOP_HIT,124.079,-1.0,4,train
PG,2022-11-02,SELL,34.2,120.2581,125.1875,116.4897,111.5195,0.03,0.05,STOP_HIT,125.1875,-1.0,3,train
PG,2023-02-22,SELL,26.9,128.8856,132.0774,125.2993,121.4261,0.03,0.0,TP1_HIT,125.2993,1.1236,11,train
PG,2023-03-16,SELL,24.3,130.972,134.4442,127.2707,123.1716,0.03,0.0,STOP_HIT,134.4442,-1.0,6,train
PG,2023-03-23,SELL,18.4,132.56,135.3573,127.9839,123.7706,0.03,0.05,STOP_HIT,135.3573,-1.0,2,train
PG,2023-07-10,SELL,21.0,137.485,140.6394,133.8166,129.9178,0.03,0.05,STOP_HIT,140.715,-1.024,9,train
PG,2023-10-23,SELL,19.0,138.6535,142.2223,134.2197,129.6468,0.03,0.05,STOP_HIT,142.2223,-1.0,9,train
PG,2024-11-13,SELL,19.9,159.9405,163.3036,155.4638,150.984,0.03,0.05,STOP_HIT,163.3036,-1.0,2,train
PG,2025-02-07,SELL,20.8,161.8617,166.516,156.5893,150.917,0.03,0.05,STOP_HIT,166.516,-1.0,10,train
PG,2025-05-12,SELL,34.3,155.4988,161.2416,149.9465,143.4922,0.03,0.0,STOP_HIT,161.2416,-1.0,6,val
PG,2025-05-19,SELL,27.3,159.9591,163.9786,155.0747,149.9868,0.03,0.0,STOP_HIT,163.9786,-1.0,6,val
PG,2025-06-10,SELL,19.4,158.0351,161.7474,153.6722,149.0578,0.03,0.0,TP1_HIT,153.6722,1.1752,6,val
PG,2025-07-02,SELL,18.2,157.2188,159.6627,152.7321,148.7717,0.03,0.0,TP1_HIT,152.7321,1.8358,4,val
PG,2025-08-11,SELL,32.7,151.7094,155.0174,147.2222,142.7678,0.03,0.0,STOP_HIT,155.0174,-1.0,6,val
PG,2025-08-18,SELL,19.5,152.3649,155.7626,147.9185,143.4361,0.03,0.0,STOP_HIT,155.7626,-1.0,2,val
PG,2025-11-12,SELL,27.0,145.9919,149.893,140.5016,135.1352,0.03,0.0,TP1_HIT,140.5016,1.4073,13,val
PG,2025-11-26,SELL,22.4,145.5447,149.5396,141.5248,136.9449,0.03,0.05,TP1_HIT,141.5248,1.0062,3,val
PG,2025-12-16,SELL,19.2,144.5239,146.8487,138.1219,133.1351,0.03,0.0,TP1_HIT,138.1219,2.7537,12,val
PG,2025-12-30,SELL,20.5,141.8026,144.8523,138.1162,134.267,0.03,0.05,TP1_HIT,138.1162,1.2088,3,val
PG,2026-04-28,SELL,25.8,148.2555,153.6221,143.2339,137.2977,0.03,0.0,EXPIRED,147.49,0.1426,3,val
